{"cameraMode":{"drawMode":0,"name":"Shaded","section":"Shading Mode"},"sceneLighting":false,"audioPlay":false,"sceneViewState":{"showFog":true,"showMaterialUpdate":false,"showSkybox":false,"showFlares":true,"showImageEffects":true,"showParticleSystems":true},"in2DMode":false,"pivot":{"x":0.0,"y":0.8612141013145447,"z":0.11981987953186035},"rotation":{"x":0.04219923913478851,"y":0.9379042387008667,"z":-0.3215808570384979,"w":0.12308204174041748},"size":2.935774087905884,"orthographic":false}