{"cameraMode":{"drawMode":0,"name":"Shaded","section":"Shading Mode"},"sceneLighting":false,"audioPlay":false,"sceneViewState":{"showFog":true,"showMaterialUpdate":false,"showSkybox":false,"showFlares":true,"showImageEffects":true,"showParticleSystems":true},"in2DMode":false,"pivot":{"x":1.1920928955078126e-7,"y":0.8618577718734741,"z":-0.05439440906047821},"rotation":{"x":0.08642028272151947,"y":-0.8674938678741455,"z":0.16217149794101716,"w":0.4622737467288971},"size":1.4235708713531495,"orthographic":false}