{"cameraMode":{"drawMode":0,"name":"Shaded","section":"Shading Mode"},"sceneLighting":false,"audioPlay":false,"sceneViewState":{"showFog":true,"showMaterialUpdate":false,"showSkybox":false,"showFlares":true,"showImageEffects":true,"showParticleSystems":true},"in2DMode":false,"pivot":{"x":540.001708984375,"y":917.3660888671875,"z":0.0},"rotation":{"x":-0.02730627730488777,"y":-0.002401618054136634,"z":0.00006564895011251792,"w":-0.9996247887611389},"size":1064.499267578125,"orthographic":false}