{"cameraMode":{"drawMode":0,"name":"Shaded","section":"Shading Mode"},"sceneLighting":false,"audioPlay":false,"sceneViewState":{"showFog":true,"showMaterialUpdate":false,"showSkybox":false,"showFlares":true,"showImageEffects":true,"showParticleSystems":true},"in2DMode":false,"pivot":{"x":1305.49267578125,"y":973.5902099609375,"z":-1373.1187744140625},"rotation":{"x":-0.26952770352363589,"y":-0.11178187280893326,"z":0.03151589259505272,"w":-0.9559646844863892},"size":10.0,"orthographic":false}