{"cameraMode":{"drawMode":0,"name":"Shaded","section":"Shading Mode"},"sceneLighting":false,"audioPlay":false,"sceneViewState":{"showFog":true,"showMaterialUpdate":false,"showSkybox":false,"showFlares":true,"showImageEffects":true,"showParticleSystems":true},"in2DMode":false,"pivot":{"x":0.0,"y":1.1276003122329713,"z":-0.001491546630859375},"rotation":{"x":-0.28578904271125796,"y":-0.3163774311542511,"z":0.1005818247795105,"w":-0.8989513516426086},"size":3.718348741531372,"orthographic":false}